
INSERT INTO public._prisma_migrations VALUES ('f446e04d-5fc2-4479-81fc-011eaf38b1e4', '7f59a89dad5582d6f6a3fc55ef285f9f2bb3398317fa724ee7623d01482029a7', '2024-12-21 10:18:18.666755+08', '20241221021545_add_fk_user_id_to_pod', NULL, NULL, '2024-12-21 10:18:18.622795+08', 1);
INSERT INTO public._prisma_migrations VALUES ('1d3586a7-faee-43da-8d13-ff2e3e1214d2', 'a06702ddcb26840da79b33b2db8aa587e9067d0d194d97fda74749a6fcf094b2', '2025-01-02 17:45:30.161034+08', '20250102094530_relasi_user_pod', NULL, NULL, '2025-01-02 17:45:30.153239+08', 1);
INSERT INTO public._prisma_migrations VALUES ('1b0da9e2-c30b-49fe-94b2-2c8cd528ad3a', '411b9d4efcc149848290199cbc5ba30a88c4361959c5b82bf42e98c7e2f63f73', '2025-01-02 23:58:31.97392+08', '20250102155831_term_and_condition', NULL, NULL, '2025-01-02 23:58:31.941177+08', 1);
INSERT INTO public._prisma_migrations VALUES ('7d77a66e-b961-4ac7-beee-d5ba32a18ea4', '9fc1200c37b6a3779b0c1e369023b46f7e8b4962ec9de277079d169f8a9d1776', '2025-01-03 00:12:50.694972+08', '20250102161250_tooltip_question', NULL, NULL, '2025-01-03 00:12:50.691547+08', 1);
INSERT INTO public._prisma_migrations VALUES ('aea92f47-1388-4967-9481-cc5eb62b57b3', 'faba0487db83101cdeb66798a16d46600ad9ea0573b1fa731a7fda2428a373cc', '2025-01-04 16:38:26.988764+08', '20250104083826_agreement_tabel', NULL, NULL, '2025-01-04 16:38:26.978783+08', 1);

INSERT INTO public.agreement VALUES (1, ' You can review and update your Profile Information, Password, and Disclaimer / User Agreement in your General Settings & Preference area. Just look out for the settings cog icon on the Homepage.', true, '2024-12-02 13:22:05.562475+08', '2024-12-02 13:22:05.562475+08', NULL, NULL);
INSERT INTO public.agreement VALUES (2, 'update', false, '2025-01-04 21:34:01.448+08', '2025-01-04 21:34:01.448+08', NULL, 'new tooltip');

INSERT INTO public.experiences VALUES ('448279d0-d3fa-43f9-953b-fe3801b445e8', 'recharge', 'regenesis-recharge-icon', 'settings-outline', 'recharge', 'Recharge information', true, '2024-11-26 16:08:18.884+08', '2024-11-26 16:08:18.884+08', NULL, '82d4ac45-764e-41a4-91f6-c24d8962c488', 'db7b2a31-27cf-4775-9fd5-1a3cde34d26d');
INSERT INTO public.experiences VALUES ('013a9f17-642c-42b4-83c3-be97002e518f', 'recover', 'recover', 'settings-outline', 'recover', 'recover', true, '2024-11-26 16:10:03.912+08', '2024-11-26 16:10:03.912+08', NULL, '82d4ac45-764e-41a4-91f6-c24d8962c488', 'db7b2a31-27cf-4775-9fd5-1a3cde34d26d');
INSERT INTO public.experiences VALUES ('04815f17-aa81-4cb6-b712-758f311a50b8', 'bio_feedback', 'bio_feedback', 'bio_feedback', 'bio_feedback', 'bio_feedback information text.', true, '2024-11-27 10:06:35.951+08', '2024-11-27 10:06:35.951+08', NULL, '82d4ac45-764e-41a4-91f6-c24d8962c488', 'db7b2a31-27cf-4775-9fd5-1a3cde34d26d');
INSERT INTO public.experiences VALUES ('34d3be3f-5e0a-48b7-8d51-0484e3962013', 'novak_mode', 'novak_mode', 'settings-outline', 'novak_mode', 'novak_mode information', true, '2024-11-26 16:09:35.413+08', '2024-11-26 16:09:35.413+08', NULL, '82d4ac45-764e-41a4-91f6-c24d8962c488', 'db7b2a31-27cf-4775-9fd5-1a3cde34d26d');
INSERT INTO public.experiences VALUES ('9cae08fa-6f2b-435c-bac8-8169e9935879', 'novak_mode1', 'novak_mode', 'settings-outline', 'novak_mode', 'novak_mode information', true, '2024-11-26 16:09:35.413+08', '2024-11-26 16:09:35.413+08', NULL, '82d4ac45-764e-41a4-91f6-c24d8962c488', 'db7b2a31-27cf-4775-9fd5-1a3cde34d26d');
INSERT INTO public.experiences VALUES ('9f224399-eaf2-4196-9ce2-6d8319d7c00b', 'relax', 'regenesis-relax-icon', 'settings-outline', 'relax', 'Relax information', true, '2024-11-26 16:08:18.884+08', '2024-11-26 16:08:18.884+08', NULL, '82d4ac45-764e-41a4-91f6-c24d8962c488', 'db7b2a31-27cf-4775-9fd5-1a3cde34d26d');
INSERT INTO public.experiences VALUES ('f8cffb95-969d-48c1-97eb-38603e0a27c7', 'rejuvenate', 'regenesis-rejuvenate-icon', 'settings-outline', 'rejuvenate', 'Rejuvenate information', true, '2024-11-26 16:09:05.296+08', '2024-11-26 16:09:05.296+08', NULL, '82d4ac45-764e-41a4-91f6-c24d8962c488', 'db7b2a31-27cf-4775-9fd5-1a3cde34d26d');
INSERT INTO public.experiences VALUES ('d5be6619-e483-4c0b-a40a-da742226dd1b', 'novak_mode', 'novak_mode', 'settings-outline', 'novak_mode', 'novak_mode information', true, '2024-11-26 16:09:35.413+08', '2024-11-26 16:09:35.413+08', NULL, '82d4ac45-764e-41a4-91f6-c24d8962c488', 'c649dab4-4182-4dd2-b6a9-28445a28d796');
INSERT INTO public.experiences VALUES ('2f7d1649-7a5f-41e5-8aca-7cf5e4d2d7f4', 'recharge', 'regenesis-recharge-icon', 'settings-outline', 'recharge', 'Recharge information', true, '2024-11-26 16:08:18.884+08', '2024-11-26 16:08:18.884+08', NULL, '82d4ac45-764e-41a4-91f6-c24d8962c488', 'c649dab4-4182-4dd2-b6a9-28445a28d796');
INSERT INTO public.experiences VALUES ('1b9ae22b-a8cf-466a-b813-5312391d72ce', 'recover', 'recover', 'settings-outline', 'recover', 'recover', true, '2024-11-26 16:10:03.912+08', '2024-11-26 16:10:03.912+08', NULL, '82d4ac45-764e-41a4-91f6-c24d8962c488', 'c649dab4-4182-4dd2-b6a9-28445a28d796');
INSERT INTO public.experiences VALUES ('5349ac0f-6992-465a-ac7c-c626baf7fbdd', 'novak_mode2', 'novak_mode', 'settings-outline', 'novak_mode', 'novak_mode information', true, '2024-11-26 16:09:35.413+08', '2024-11-26 16:09:35.413+08', NULL, '82d4ac45-764e-41a4-91f6-c24d8962c488', 'c649dab4-4182-4dd2-b6a9-28445a28d796');
INSERT INTO public.experiences VALUES ('e9f9abd7-3c90-49ea-8695-8cfb2c425bba', 'bio_feedback', 'bio_feedback', 'bio_feedback', 'bio_feedback', 'bio_feedback information text.', true, '2024-11-27 10:06:35.951+08', '2024-11-27 10:06:35.951+08', NULL, '82d4ac45-764e-41a4-91f6-c24d8962c488', 'c649dab4-4182-4dd2-b6a9-28445a28d796');
INSERT INTO public.experiences VALUES ('063c224b-2fa7-4fa5-b5ad-a656e2d152b8', 'relax', 'regenesis-relax-icon', 'settings-outline', 'relax', 'Relax information', true, '2024-11-26 16:08:18.884+08', '2024-11-26 16:08:18.884+08', NULL, '82d4ac45-764e-41a4-91f6-c24d8962c488', 'c649dab4-4182-4dd2-b6a9-28445a28d796');
INSERT INTO public.experiences VALUES ('08291601-5776-438e-aef5-32f5cf740ee7', 'reconnect', 'regenesis-reconnect-icon', 'settings-outline', 'reconnect', 'Reconnect information', true, '2024-11-26 16:08:18.884+08', '2024-11-26 16:08:18.884+08', NULL, '82d4ac45-764e-41a4-91f6-c24d8962c488', 'c649dab4-4182-4dd2-b6a9-28445a28d796');
INSERT INTO public.experiences VALUES ('2c45bb68-dcf0-4acd-bb9e-de4b8ca647c5', 'rejuvenate', 'regenesis-rejuvenate-icon', 'settings-outline', 'rejuvenate', 'Rejuvenate information', true, '2024-11-26 16:09:05.296+08', '2024-11-26 16:09:05.296+08', NULL, '82d4ac45-764e-41a4-91f6-c24d8962c488', 'c649dab4-4182-4dd2-b6a9-28445a28d796');
INSERT INTO public.experiences VALUES ('47d526a2-eaa3-4326-94d9-3f606eecef86', 'novak_mode', 'novak_mode', 'settings-outline', 'novak_mode', 'novak_mode information', true, '2024-11-26 16:09:35.413+08', '2024-11-26 16:09:35.413+08', NULL, '82d4ac45-764e-41a4-91f6-c24d8962c488', 'c95a1317-b6d2-4962-a28e-7b7a3f3fa1a2');
INSERT INTO public.experiences VALUES ('baf53bf3-c945-41c0-afa4-7cad6a6566a5', 'recharge', 'regenesis-recharge-icon', 'settings-outline', 'recharge', 'Recharge information', true, '2024-11-26 16:08:18.884+08', '2024-11-26 16:08:18.884+08', NULL, '82d4ac45-764e-41a4-91f6-c24d8962c488', 'c95a1317-b6d2-4962-a28e-7b7a3f3fa1a2');
INSERT INTO public.experiences VALUES ('cc9602d4-90b6-4d61-910b-bc0b70a39ec5', 'recover', 'recover', 'settings-outline', 'recover', 'recover', true, '2024-11-26 16:10:03.912+08', '2024-11-26 16:10:03.912+08', NULL, '82d4ac45-764e-41a4-91f6-c24d8962c488', 'c95a1317-b6d2-4962-a28e-7b7a3f3fa1a2');
INSERT INTO public.experiences VALUES ('4a7d6152-b882-4b3a-a372-3ef35820205a', 'novak_mode2', 'novak_mode', 'settings-outline', 'novak_mode', 'novak_mode information', true, '2024-11-26 16:09:35.413+08', '2024-11-26 16:09:35.413+08', NULL, '82d4ac45-764e-41a4-91f6-c24d8962c488', 'c95a1317-b6d2-4962-a28e-7b7a3f3fa1a2');
INSERT INTO public.experiences VALUES ('5c00f0f5-6715-41ec-bc2f-d55f7f5c5839', 'bio_feedback', 'bio_feedback', 'bio_feedback', 'bio_feedback', 'bio_feedback information text.', true, '2024-11-27 10:06:35.951+08', '2024-11-27 10:06:35.951+08', NULL, '82d4ac45-764e-41a4-91f6-c24d8962c488', 'c95a1317-b6d2-4962-a28e-7b7a3f3fa1a2');
INSERT INTO public.experiences VALUES ('558d152a-579d-4096-94dc-cbe287b8899d', 'relax', 'regenesis-relax-icon', 'settings-outline', 'relax', 'Relax information', true, '2024-11-26 16:08:18.884+08', '2024-11-26 16:08:18.884+08', NULL, '82d4ac45-764e-41a4-91f6-c24d8962c488', 'c95a1317-b6d2-4962-a28e-7b7a3f3fa1a2');
INSERT INTO public.experiences VALUES ('41523ce0-3cef-473b-99e4-bc51e49cdd56', 'reconnect', 'regenesis-reconnect-icon', 'settings-outline', 'reconnect', 'Reconnect information', true, '2024-11-26 16:08:18.884+08', '2024-11-26 16:08:18.884+08', NULL, '82d4ac45-764e-41a4-91f6-c24d8962c488', 'c95a1317-b6d2-4962-a28e-7b7a3f3fa1a2');
INSERT INTO public.experiences VALUES ('fc245401-ca69-4382-947f-3c1af337a81d', 'rejuvenate', 'regenesis-rejuvenate-icon', 'settings-outline', 'rejuvenate', 'Rejuvenate information', true, '2024-11-26 16:09:05.296+08', '2024-11-26 16:09:05.296+08', NULL, '82d4ac45-764e-41a4-91f6-c24d8962c488', 'c95a1317-b6d2-4962-a28e-7b7a3f3fa1a2');

INSERT INTO public.detail_experience VALUES ('e98206e6-8c12-4edb-8cac-6f1ae5c59c3b', 11, 11, 11, 11, 11, 11, 11, 11, false, false, false, false, 10.00, '2025-01-06 10:46:00.962+08', '2025-01-06 13:02:31.04+08', NULL, '448279d0-d3fa-43f9-953b-fe3801b445e8', NULL, NULL);
INSERT INTO public.detail_experience VALUES ('6b6efd05-8330-4df3-a9e0-c02d23b1f43f', 11, 11, 11, 11, 11, 11, 11, 11, false, false, false, false, 10.00, '2025-01-06 10:46:00.977+08', '2025-01-06 13:02:31.04+08', NULL, '2f7d1649-7a5f-41e5-8aca-7cf5e4d2d7f4', NULL, NULL);
INSERT INTO public.detail_experience VALUES ('564f114b-11e8-47d3-8d96-32228224b4d6', 11, 11, 11, 11, 11, 11, 11, 11, false, false, false, false, 10.00, '2024-12-29 17:07:41.65+08', '2025-01-06 13:02:31.04+08', NULL, 'baf53bf3-c945-41c0-afa4-7cad6a6566a5', NULL, NULL);
INSERT INTO public.detail_experience VALUES ('375aecbb-209d-4395-a824-952c0a0339c9', 22, 22, 22, 22, 22, 22, 22, 22, true, true, true, true, 20.00, '2024-12-21 11:46:50.549+08', '2025-01-06 11:44:58.476+08', NULL, '34d3be3f-5e0a-48b7-8d51-0484e3962013', NULL, NULL);
INSERT INTO public.detail_experience VALUES ('5f9bfa6c-499c-4bc7-80bd-a9ade229193d', 22, 22, 22, 22, 22, 22, 22, 22, true, true, true, true, 20.00, '2024-12-21 11:46:50.549+08', '2025-01-06 11:44:58.476+08', NULL, '04815f17-aa81-4cb6-b712-758f311a50b8', NULL, NULL);
INSERT INTO public.detail_experience VALUES ('e868c4b4-91fe-4203-be5b-9187b2ce6bb9', 22, 22, 22, 22, 22, 22, 22, 22, true, true, true, true, 20.00, '2024-12-21 11:46:50.549+08', '2025-01-06 11:44:58.476+08', NULL, 'f8cffb95-969d-48c1-97eb-38603e0a27c7', NULL, NULL);
INSERT INTO public.detail_experience VALUES ('0b9aa2e9-250a-42a9-9d8f-dbce5a5b24e4', 22, 22, 22, 22, 22, 22, 22, 22, true, true, true, true, 20.00, '2024-12-29 16:18:16.4+08', '2025-01-06 11:44:58.476+08', NULL, '013a9f17-642c-42b4-83c3-be97002e518f', '6ce3b654-1697-496c-b1ea-0bc28a996f03.txt', '12238afb-41ee-433f-b5af-48a373005609.txt');
INSERT INTO public.detail_experience VALUES ('39a18e2b-166c-48de-9d98-a8c111d479b0', 22, 22, 22, 22, 22, 22, 22, 22, true, true, true, true, 20.00, '2024-12-29 17:07:41.65+08', '2025-01-06 11:44:58.476+08', NULL, '04815f17-aa81-4cb6-b712-758f311a50b8', NULL, NULL);
INSERT INTO public.detail_experience VALUES ('acc452a6-1bff-4974-bca0-08baf3c4579a', 22, 22, 22, 22, 22, 22, 22, 22, true, true, true, true, 20.00, '2024-12-29 17:07:41.65+08', '2025-01-06 11:44:58.476+08', NULL, '34d3be3f-5e0a-48b7-8d51-0484e3962013', NULL, NULL);
INSERT INTO public.detail_experience VALUES ('0e10eb6c-11fa-4b2a-95f9-054ec3891331', 22, 22, 22, 22, 22, 22, 22, 22, true, true, true, true, 20.00, '2024-12-29 17:07:41.65+08', '2025-01-06 11:44:58.476+08', NULL, '9cae08fa-6f2b-435c-bac8-8169e9935879', NULL, NULL);
INSERT INTO public.detail_experience VALUES ('f2d5693e-45dc-49f2-a386-d57d71f47d71', 22, 22, 22, 22, 22, 22, 22, 22, true, true, true, true, 20.00, '2024-12-29 17:07:41.65+08', '2025-01-06 11:44:58.476+08', NULL, 'f8cffb95-969d-48c1-97eb-38603e0a27c7', NULL, NULL);
INSERT INTO public.detail_experience VALUES ('257f2c93-8b89-47f6-91fc-07ba1a76fe2b', 22, 22, 22, 22, 22, 22, 22, 22, true, true, true, true, 20.00, '2024-12-29 17:07:41.65+08', '2025-01-06 11:44:58.476+08', NULL, 'd5be6619-e483-4c0b-a40a-da742226dd1b', NULL, NULL);
INSERT INTO public.detail_experience VALUES ('0f0c5e50-be42-4eb1-801d-a1cd74bb3895', 22, 22, 22, 22, 22, 22, 22, 22, true, true, true, true, 20.00, '2024-12-29 17:07:41.65+08', '2025-01-06 11:44:58.476+08', NULL, '5349ac0f-6992-465a-ac7c-c626baf7fbdd', NULL, NULL);
INSERT INTO public.detail_experience VALUES ('00947463-afc9-415a-bf12-62e310ce37fb', 22, 22, 22, 22, 22, 22, 22, 22, true, true, true, true, 20.00, '2024-12-29 17:07:41.65+08', '2025-01-06 11:44:58.476+08', NULL, 'e9f9abd7-3c90-49ea-8695-8cfb2c425bba', NULL, NULL);
INSERT INTO public.detail_experience VALUES ('238777a3-2ec7-4eab-81db-34fbf1bd0fe7', 22, 22, 22, 22, 22, 22, 22, 22, true, true, true, true, 20.00, '2024-12-29 17:07:41.65+08', '2025-01-06 11:44:58.476+08', NULL, '013a9f17-642c-42b4-83c3-be97002e518f', NULL, NULL);
INSERT INTO public.detail_experience VALUES ('e75fb755-64ef-4768-abe3-b58f759b4578', 22, 22, 22, 22, 22, 22, 22, 22, true, true, true, true, 20.00, '2024-12-29 17:07:41.65+08', '2025-01-06 11:44:58.476+08', NULL, '2c45bb68-dcf0-4acd-bb9e-de4b8ca647c5', NULL, NULL);
INSERT INTO public.detail_experience VALUES ('97ed1632-df13-4a60-a811-736a239ce5b7', 22, 22, 22, 22, 22, 22, 22, 22, true, true, true, true, 20.00, '2024-12-29 17:07:41.65+08', '2025-01-06 11:44:58.476+08', NULL, '47d526a2-eaa3-4326-94d9-3f606eecef86', NULL, NULL);
INSERT INTO public.detail_experience VALUES ('3f50bd4d-50ce-4c51-931d-61436ef4f337', 22, 22, 22, 22, 22, 22, 22, 22, true, true, true, true, 20.00, '2024-12-29 17:07:41.65+08', '2025-01-06 11:44:58.476+08', NULL, '4a7d6152-b882-4b3a-a372-3ef35820205a', NULL, NULL);
INSERT INTO public.detail_experience VALUES ('739f4cca-115c-4fb2-8dda-49539ea24e5e', 22, 22, 22, 22, 22, 22, 22, 22, true, true, true, true, 20.00, '2024-12-29 17:07:41.65+08', '2025-01-06 11:44:58.476+08', NULL, '5c00f0f5-6715-41ec-bc2f-d55f7f5c5839', NULL, NULL);
INSERT INTO public.detail_experience VALUES ('66258892-1216-4217-8534-f2e3490087ea', 22, 22, 22, 22, 22, 22, 22, 22, true, true, true, true, 20.00, '2024-12-29 17:07:41.65+08', '2025-01-06 11:44:58.476+08', NULL, 'fc245401-ca69-4382-947f-3c1af337a81d', NULL, NULL);
INSERT INTO public.detail_experience VALUES ('bd2f3e2d-fdb4-41cd-a4cb-76d6e1eb3437', 22, 22, 22, 22, 22, 22, 22, 22, true, true, true, true, 20.00, '2024-12-21 15:06:40.828+08', '2025-01-06 11:44:58.476+08', NULL, '9cae08fa-6f2b-435c-bac8-8169e9935879', '6077425a-572d-4d60-96df-d91902bea955.mp4', 'cf5433e5-af97-46d7-a74e-fc6d11070e6c.mp4');
INSERT INTO public.detail_experience VALUES ('2368b040-9cc7-4b6d-8865-6fc764a3b126', 22, 22, 22, 22, 22, 22, 22, 22, true, true, true, true, 20.00, '2024-12-29 17:07:41.65+08', '2025-01-06 11:44:58.476+08', NULL, '1b9ae22b-a8cf-466a-b813-5312391d72ce', NULL, NULL);
INSERT INTO public.detail_experience VALUES ('8420647e-1d2b-4272-a787-dba4122fe343', 22, 22, 22, 22, 22, 22, 22, 22, true, true, true, true, 20.00, '2024-12-29 17:07:41.65+08', '2025-01-06 11:44:58.476+08', NULL, 'cc9602d4-90b6-4d61-910b-bc0b70a39ec5', NULL, NULL);
INSERT INTO public.detail_experience VALUES ('e2973d9e-403e-45bf-995d-dcd1b33d8bef', 22, 22, 22, 22, 22, 22, 22, 22, true, true, true, true, 20.00, '2024-12-29 17:07:41.65+08', '2025-01-06 11:44:58.476+08', NULL, '08291601-5776-438e-aef5-32f5cf740ee7', NULL, NULL);
INSERT INTO public.detail_experience VALUES ('bd2d7908-718e-4422-b4ac-4070f7c64cfb', 22, 22, 22, 22, 22, 22, 22, 22, true, true, true, true, 20.00, '2024-12-29 17:07:41.65+08', '2025-01-06 11:44:58.476+08', NULL, '41523ce0-3cef-473b-99e4-bc51e49cdd56', NULL, NULL);
INSERT INTO public.detail_experience VALUES ('70c801af-39ba-4b3d-90f2-c4976d7e7e79', 22, 22, 22, 22, 22, 22, 22, 22, true, true, true, true, 20.00, '2024-12-21 11:46:50.549+08', '2025-01-06 11:44:58.476+08', NULL, '9f224399-eaf2-4196-9ce2-6d8319d7c00b', NULL, NULL);
INSERT INTO public.detail_experience VALUES ('e7f28693-4b35-43d1-a61c-cd7f1d510aef', 22, 22, 22, 22, 22, 22, 22, 22, true, true, true, true, 20.00, '2024-12-29 17:07:41.65+08', '2025-01-06 11:44:58.476+08', NULL, '9f224399-eaf2-4196-9ce2-6d8319d7c00b', NULL, NULL);
INSERT INTO public.detail_experience VALUES ('e418c5ee-9ec5-4611-be03-83097a1e443b', 22, 22, 22, 22, 22, 22, 22, 22, true, true, true, true, 20.00, '2024-12-29 17:07:41.65+08', '2025-01-06 11:44:58.476+08', NULL, '063c224b-2fa7-4fa5-b5ad-a656e2d152b8', NULL, NULL);
INSERT INTO public.detail_experience VALUES ('c3ace9d8-d206-4887-8b13-28cf27e7caf0', 22, 22, 22, 22, 22, 22, 22, 22, true, true, true, true, 20.00, '2024-12-29 17:07:41.65+08', '2025-01-06 11:44:58.476+08', NULL, '558d152a-579d-4096-94dc-cbe287b8899d', NULL, NULL);

INSERT INTO public.experiences_properties VALUES ('09361f99-d061-444e-80c6-973ffaafa358', '#FF5733', 2.5, '#33FF57', 'updated_circle_icon.png', 'Updated Caption', 10.5, true, 1, 'upupupupup', NULL, '2024-12-13 01:32:24.583+08', '2024-12-13 01:32:24.583+08', NULL, '9cae08fa-6f2b-435c-bac8-8169e9935879');
INSERT INTO public.experiences_properties VALUES ('b2a09d13-15a3-46ea-a925-b9adc9d39f1a', '#FF5733', 2.5, '#33FF57', 'updated_circle_icon.png', 'Updated Caption', 10.5, true, 1, 'upupupupup', NULL, '2024-12-13 01:32:24.583+08', '2024-12-13 01:32:24.583+08', NULL, '34d3be3f-5e0a-48b7-8d51-0484e3962013');
INSERT INTO public.experiences_properties VALUES ('b8c0738f-be8c-4da8-bbc0-b2bb269e139e', '#FF5733', 2.5, '#33FF57', 'updated_circle_icon.png', 'Updated Caption', 10.5, true, 1, 'upupupupup', NULL, '2024-12-13 01:32:24.583+08', '2024-12-13 01:32:24.583+08', NULL, '04815f17-aa81-4cb6-b712-758f311a50b8');
INSERT INTO public.experiences_properties VALUES ('2f368b15-c3a5-47c1-8a72-4c4f8f203903', '#FF5733', 2.5, '#33FF57', 'updated_circle_icon.png', 'Updated Caption', 10.5, true, 1, 'upupupupup', NULL, '2024-12-13 01:32:24.583+08', '2024-12-13 01:32:24.583+08', NULL, 'f8cffb95-969d-48c1-97eb-38603e0a27c7');
INSERT INTO public.experiences_properties VALUES ('10508858-1d88-4b60-bae5-0dd6abc07d64', '#FF5733', 2.5, '#33FF57', 'new_circle_icon.png', 'Updated Caption', 10, true, 2, 'Updated Tooltip', 'updated_icon.png', '2025-01-06 10:46:00.974+08', '2025-01-06 13:02:31.026+08', NULL, '448279d0-d3fa-43f9-953b-fe3801b445e8');
INSERT INTO public.experiences_properties VALUES ('33555005-4d06-4820-94d5-9e6190352675', '#FF5733', 2.5, '#33FF57', 'new_circle_icon.png', 'Updated Caption', 10, true, 2, 'Updated Tooltip', 'updated_icon.png', '2024-12-13 01:32:24.583+08', '2025-01-06 13:02:31.035+08', NULL, '2f7d1649-7a5f-41e5-8aca-7cf5e4d2d7f4');
INSERT INTO public.experiences_properties VALUES ('723658fb-d12d-49e8-aeef-0a87f4c960d0', '#FF5733', 2.5, '#33FF57', 'new_circle_icon.png', 'Updated Caption', 10, true, 2, 'Updated Tooltip', 'updated_icon.png', '2024-12-13 01:32:24.583+08', '2025-01-06 13:02:31.042+08', NULL, 'baf53bf3-c945-41c0-afa4-7cad6a6566a5');
INSERT INTO public.experiences_properties VALUES ('a746db6a-05e3-4815-91af-b7d607a28a1c', '#FF5733', 2.5, '#33FF57', 'updated_circle_icon.png', 'Updated Caption', 10.5, true, 1, 'upupupupup', NULL, '2024-12-13 01:32:24.583+08', '2024-12-13 01:32:24.583+08', NULL, 'd5be6619-e483-4c0b-a40a-da742226dd1b');
INSERT INTO public.experiences_properties VALUES ('52ae3b64-53b0-44ce-a2d4-407a7eb033cf', '#FF5733', 2.5, '#33FF57', 'updated_circle_icon.png', 'Updated Caption', 10.5, true, 1, 'upupupupup', NULL, '2024-12-13 01:32:24.583+08', '2024-12-13 01:32:24.583+08', NULL, '5349ac0f-6992-465a-ac7c-c626baf7fbdd');
INSERT INTO public.experiences_properties VALUES ('caba2213-aea1-4260-ab1b-fe71b9a99431', '#FF5733', 2.5, '#33FF57', 'updated_circle_icon.png', 'Updated Caption', 10.5, true, 1, 'upupupupup', NULL, '2024-12-13 01:32:24.583+08', '2024-12-13 01:32:24.583+08', NULL, 'e9f9abd7-3c90-49ea-8695-8cfb2c425bba');
INSERT INTO public.experiences_properties VALUES ('6595930f-c9e4-4d85-9070-9f5ebc80b8f8', '#FF5733', 2.5, '#33FF57', 'updated_circle_icon.png', 'Updated Caption', 10.5, true, 1, 'upupupupup', NULL, '2024-12-13 01:32:24.583+08', '2024-12-13 01:32:24.583+08', NULL, '2c45bb68-dcf0-4acd-bb9e-de4b8ca647c5');
INSERT INTO public.experiences_properties VALUES ('029bb8c7-e6cd-4004-a0ba-1bdbb31d9e13', '#FF5733', 2.5, '#33FF57', 'updated_circle_icon.png', 'Updated Caption', 10.5, true, 1, 'upupupupup', NULL, '2024-12-13 01:32:24.583+08', '2024-12-13 01:32:24.583+08', NULL, '47d526a2-eaa3-4326-94d9-3f606eecef86');
INSERT INTO public.experiences_properties VALUES ('49248cfd-e176-4792-b2b2-21621245abfc', '#FF5733', 2.5, '#33FF57', 'updated_circle_icon.png', 'Updated Caption', 10.5, true, 1, 'upupupupup', NULL, '2024-12-13 01:32:24.583+08', '2024-12-13 01:32:24.583+08', NULL, '4a7d6152-b882-4b3a-a372-3ef35820205a');
INSERT INTO public.experiences_properties VALUES ('adaf9b7f-1e4e-44fa-a63a-0a68e362caf5', '#FF5733', 2.5, '#33FF57', 'updated_circle_icon.png', 'Updated Caption', 10.5, true, 1, 'upupupupup', NULL, '2024-12-13 01:32:24.583+08', '2024-12-13 01:32:24.583+08', NULL, '5c00f0f5-6715-41ec-bc2f-d55f7f5c5839');
INSERT INTO public.experiences_properties VALUES ('e9284282-3cd0-4074-b5f5-f410cbdb045f', '#FF5733', 2.5, '#33FF57', 'updated_circle_icon.png', 'Updated Caption', 10.5, true, 1, 'upupupupup', NULL, '2024-12-13 01:32:24.583+08', '2024-12-13 01:32:24.583+08', NULL, 'fc245401-ca69-4382-947f-3c1af337a81d');
INSERT INTO public.experiences_properties VALUES ('6d70f7be-d854-4120-8b5d-5618a288c583', '#FF5733', 2.5, '#33FF57', 'updated_circle_icon.png', 'Updated Caption', 10.5, true, 1, 'upupupupup', NULL, '2024-12-13 01:32:24.583+08', '2025-01-05 23:13:22.476+08', NULL, '08291601-5776-438e-aef5-32f5cf740ee7');
INSERT INTO public.experiences_properties VALUES ('56e697c8-3a63-4cb3-9660-1e8ec9be3595', '#FF5733', 2.5, '#33FF57', 'updated_circle_icon.png', 'Updated Caption', 10.5, true, 1, 'upupupupup', NULL, '2024-12-13 01:32:24.583+08', '2025-01-05 23:13:22.476+08', NULL, '41523ce0-3cef-473b-99e4-bc51e49cdd56');
INSERT INTO public.experiences_properties VALUES ('1d752c1e-20e9-45a2-966e-1320d83d7f91', '#FF5733', 2.5, '#33FF57', 'updated_circle_icon.png', 'Updated Caption', 10.5, true, 1, 'upupupupup', NULL, '2024-12-13 01:32:24.583+08', '2025-01-05 22:57:40.623+08', NULL, '1b9ae22b-a8cf-466a-b813-5312391d72ce');
INSERT INTO public.experiences_properties VALUES ('094dc2d6-a636-4174-b87e-d44e5f5305ac', '#FF5733', 2.5, '#33FF57', 'updated_circle_icon.png', 'Updated Caption', 10.5, true, 1, 'upupupupup', NULL, '2024-12-13 01:32:24.583+08', '2025-01-05 22:57:40.623+08', NULL, 'cc9602d4-90b6-4d61-910b-bc0b70a39ec5');
INSERT INTO public.experiences_properties VALUES ('a38ac304-4d7e-4c5b-a183-95d7d295ba0b', '#FF5733', 2.5, '#33FF57', 'updated_circle_icon.png', 'Updated Caption', 100, true, 1, 'heheheh', 'ddc8aac0-d57b-446a-90b0-d7878d121d4f.txt', '2024-12-13 01:32:24.583+08', '2025-01-05 22:57:40.623+08', NULL, '013a9f17-642c-42b4-83c3-be97002e518f');
INSERT INTO public.experiences_properties VALUES ('faba3df0-893e-4adf-aa45-483eb2b8be44', '#FF5733', 2.5, '#33FF57', 'new_circle_icon.png', 'Updated Caption', 10, true, 2, 'Updated Tooltip', 'updated_icon.png', '2024-12-13 01:32:24.583+08', '2025-01-05 23:42:16.237+08', NULL, '9f224399-eaf2-4196-9ce2-6d8319d7c00b');
INSERT INTO public.experiences_properties VALUES ('d923a58c-1580-4ea7-b703-45c01916e527', '#FF5733', 2.5, '#33FF57', 'new_circle_icon.png', 'Updated Caption', 10, true, 2, 'Updated Tooltip', 'updated_icon.png', '2024-12-13 01:32:24.583+08', '2025-01-05 23:42:16.237+08', NULL, '063c224b-2fa7-4fa5-b5ad-a656e2d152b8');
INSERT INTO public.experiences_properties VALUES ('7b1d87b3-da5e-4219-a466-e15ffd22d307', '#FF5733', 2.5, '#33FF57', 'new_circle_icon.png', 'Updated Caption', 10, true, 2, 'Updated Tooltip', 'updated_icon.png', '2024-12-13 01:32:24.583+08', '2025-01-05 23:42:16.237+08', NULL, '558d152a-579d-4096-94dc-cbe287b8899d');

INSERT INTO public.mode VALUES ('19a39f62-d717-4999-9c9f-e900fa7ce2e1', 'WORK REST PLAY', false, true, '2024-12-10 10:51:15.300244+08', '2024-12-10 10:51:15.300244+08', NULL);
INSERT INTO public.mode VALUES ('5bf0b548-0f45-4dac-a0a1-d3cef8338cf0', 'SELF DEVELOPMENT', false, true, '2024-12-10 10:51:15.300244+08', '2024-12-10 10:51:15.300244+08', NULL);
INSERT INTO public.mode VALUES ('82d4ac45-764e-41a4-91f6-c24d8962c488', 'SESSION MODE', false, true, '2024-12-10 10:51:15.300244+08', '2024-12-10 10:51:15.300244+08', NULL);
INSERT INTO public.mode VALUES ('cf001e65-e337-450a-8c74-b9aafe098e6b', 'TRAINING MODE', true, true, '2024-12-10 10:51:15.300244+08', '2024-12-10 10:51:15.300244+08', NULL);

INSERT INTO public.pod VALUES ('c649dab4-4182-4dd2-b6a9-28445a28d796', 'Group B', 'Group B', 'GRP-B321', 'Example Pod', 'https://example.com', 'POD222', 'securepassword', 'admin_pod', '192.168.1.1', '2024-12-29 16:42:17.377+08', '2024-12-29 16:42:17.377+08', NULL, 'Jakarta, Indonesia');
INSERT INTO public.pod VALUES ('c95a1317-b6d2-4962-a28e-7b7a3f3fa1a2', 'Group B', 'Group B', 'GRP-B321', 'Example Pod', 'https://example.com', 'POD222', 'securepassword', 'admin_pod', '192.168.1.1', '2024-12-29 16:44:57.126+08', '2024-12-29 16:44:57.126+08', NULL, 'Jakarta, Indonesia');
INSERT INTO public.pod VALUES ('db7b2a31-27cf-4775-9fd5-1a3cde34d26d', 'Group B', 'Group B', 'GRP-B321', 'Example Pod', 'https://example.com', 'POD222', 'securepassword', 'admin_pod', '192.168.1.1', '2024-12-29 16:37:54.915+08', '2024-12-29 16:37:54.915+08', NULL, 'Jakarta, Indonesia');

INSERT INTO public.terms_and_conditions_questions VALUES (1, 'Are you pregnant?', 'Question information', true, '2024-12-02 13:22:05.562475+08', '2024-12-02 13:22:05.562475+08', NULL, NULL);
INSERT INTO public.terms_and_conditions_questions VALUES (2, 'Do you have any allergies?', 'Question information', true, '2024-12-02 13:22:05.562475+08', '2024-12-02 13:22:05.562475+08', NULL, NULL);
INSERT INTO public.terms_and_conditions_questions VALUES (3, 'Have you had a fever in the last 24 hours?', 'Question information', true, '2024-12-02 13:22:05.562475+08', '2024-12-02 13:22:05.562475+08', NULL, NULL);
INSERT INTO public.terms_and_conditions_questions VALUES (4, 'Are you currently taking any medication?', 'Question information', true, '2024-12-02 13:22:05.562475+08', '2024-12-02 13:22:05.562475+08', NULL, NULL);
INSERT INTO public.terms_and_conditions_questions VALUES (5, 'Do you have any chronic diseases?', 'Question information', true, '2024-12-02 13:22:05.562475+08', '2024-12-02 13:22:05.562475+08', NULL, NULL);
INSERT INTO public.terms_and_conditions_questions VALUES (6, 'Have you traveled internationally in the last 14 days?', 'Question information', true, '2024-12-02 13:22:05.562475+08', '2024-12-02 13:22:05.562475+08', NULL, NULL);
INSERT INTO public.terms_and_conditions_questions VALUES (7, 'test', 'just test', true, '2024-12-02 13:22:05.562475+08', '2024-12-02 13:22:05.562475+08', NULL, NULL);

INSERT INTO public."user" VALUES ('34f9d673-ed97-4c8d-ada5-3385bbc20132', 'John Doe', 'johndoe', 'johndoe@example.com', 'hashed_password1', false, NULL, NULL, false, '2024-12-21 10:39:57.4252+08', '2024-12-21 10:39:57.4252+08', NULL);
INSERT INTO public."user" VALUES ('ce3d72fa-611e-4589-990f-7c293faa17a3', 'Jane Smith', 'janesmith', 'janesmith@example.com', 'hashed_password2', true, 'reset_token_123', '2024-12-22 10:39:57.4252', true, '2024-12-21 10:39:57.4252+08', '2024-12-21 10:39:57.4252+08', NULL);
INSERT INTO public."user" VALUES ('126737d9-a0c0-4651-8c8a-9aef677b353b', 'Test User', NULL, 'testuser@example.com', 'hashed_password3', true, NULL, NULL, false, '2024-12-21 10:39:57.4252+08', '2024-12-21 10:39:57.4252+08', NULL);
INSERT INTO public."user" VALUES ('825acb94-f970-4983-ad05-0771adc36c6e', 'Alice Brown', 'alicebrown', 'alicebrown@example.com', 'hashed_password4', false, NULL, NULL, true, '2024-12-21 10:39:57.4252+08', '2024-12-21 10:39:57.4252+08', NULL);
INSERT INTO public."user" VALUES ('0b4930d8-ce46-49a1-977f-873d5880a8fa', 'Bob White', 'bobwhite', 'bobwhite@example.com', 'hashed_password5', false, 'reset_token_456', '2024-12-23 10:39:57.4252', true, '2024-12-21 10:39:57.4252+08', '2024-12-21 10:39:57.4252+08', NULL);
